ip,ip_type,last_check_time,port,speed
61.135.217.7,HTTP,18-01-31 14:41,80,0.324秒
122.114.31.177,HTTP,18-01-31 14:41,808,0.107秒
39.72.54.28,HTTP,18-01-31 14:41,8118,2.119秒
121.228.55.42,HTTP,18-01-31 14:40,808,0.443秒
110.73.54.63,HTTP,18-01-31 14:37,8123,2.571秒
218.20.218.200,HTTPS,18-01-31 14:36,8118,3.199秒
117.22.178.187,HTTPS,18-01-31 14:36,8118,0.605秒
222.42.224.190,HTTPS,18-01-31 14:32,80,0.356秒
114.252.175.88,HTTP,18-01-31 14:31,8118,0.064秒
116.2.13.148,HTTP,18-01-31 14:30,80,0.129秒
113.206.112.157,HTTP,18-01-31 14:30,8118,0.193秒
117.66.132.61,HTTPS,18-01-31 14:30,8118,3.758秒
121.60.76.59,HTTPS,18-01-31 14:27,808,0.146秒
122.236.154.66,HTTP,18-01-31 14:27,8118,1.543秒
36.32.106.61,HTTPS,18-01-31 14:22,8118,2.839秒
121.206.86.86,HTTPS,18-01-31 14:22,32756,1.274秒
1.194.133.194,HTTPS,18-01-31 14:22,37571,0.592秒
49.85.4.140,HTTPS,18-01-31 14:22,20152,0.187秒
36.25.27.86,HTTPS,18-01-31 14:22,45277,1.336秒
115.213.248.197,HTTPS,18-01-31 14:22,26300,0.344秒
123.55.188.64,HTTPS,18-01-31 14:22,25371,0.598秒
218.73.138.149,HTTPS,18-01-31 14:22,39533,0.151秒
219.216.64.26,HTTPS,18-01-31 14:21,8118,0.356秒
183.49.85.43,HTTP,18-01-31 14:21,8118,3.161秒
61.135.155.82,HTTP,18-01-31 14:20,443,3.462秒
113.206.129.132,HTTP,18-01-31 14:18,8118,7.18秒
39.86.42.57,HTTPS,18-01-31 14:11,8118,2.098秒
139.201.113.211,HTTP,18-01-30 21:16,808,2.551秒
110.73.46.170,HTTP,18-01-30 21:15,8123,5.448秒
27.218.72.50,HTTPS,18-01-30 21:02,8118,0.195秒
121.31.70.203,HTTP,18-01-30 21:01,8123,3.4秒
110.73.12.183,HTTP,18-01-30 21:00,8123,3.364秒
112.251.212.91,HTTPS,18-01-31 14:11,8118,0.127秒
115.207.96.111,HTTPS,18-01-31 14:11,808,2.105秒
110.85.89.252,HTTPS,18-01-31 14:11,43062,0.183秒
110.73.30.152,HTTPS,18-01-31 14:11,8123,0.362秒
171.37.152.208,HTTPS,18-01-31 14:10,8123,4.233秒
121.35.97.131,HTTP,18-01-30 20:55,8118,0.192秒
123.138.74.181,HTTPS,18-01-30 20:50,808,0.111秒
122.7.198.241,HTTPS,18-01-30 20:40,8080,0.136秒
182.88.184.63,HTTP,18-01-30 20:34,8123,2.661秒
111.155.116.249,HTTP,18-01-30 20:31,8123,0.945秒
111.155.124.84,HTTP,18-01-30 20:28,8123,0.356秒
171.37.166.122,HTTP,18-01-31 14:10,8123,0.353秒
182.35.144.113,HTTP,18-01-31 14:08,8118,0.105秒
116.235.122.24,HTTPS,18-01-31 14:06,8118,0.178秒
124.227.84.42,HTTP,18-01-31 14:02,8118,1.039秒
125.65.177.52,HTTPS,18-01-31 14:02,808,0.438秒
123.163.166.51,HTTP,18-01-31 14:01,26246,7.387秒
123.161.155.216,HTTP,18-01-31 14:01,41767,1.236秒
117.33.23.7,HTTPS,18-01-31 14:00,808,3.14秒
115.230.67.128,HTTP,18-01-31 14:00,41835,1.479秒
60.9.26.62,HTTP,18-01-31 13:55,8118,2.02秒
60.214.118.170,HTTP,18-01-30 20:28,63000,0.218秒
110.185.32.241,HTTPS,18-01-30 20:16,1080,0.264秒
113.128.25.138,HTTPS,18-01-30 20:11,45338,2.088秒
180.114.173.127,HTTPS,18-01-30 20:00,35771,1.18秒
182.88.89.118,HTTPS,18-01-30 20:00,8123,6.737秒
112.114.77.103,HTTP,18-01-30 19:45,8118,4.262秒
171.37.171.95,HTTP,18-01-30 19:45,8123,4.094秒
123.146.1.132,HTTPS,18-01-30 19:44,8118,4.258秒
49.5.8.132,HTTPS,18-01-30 19:33,8888,3.22秒
125.112.203.154,HTTPS,18-01-30 19:22,37933,2.659秒
58.49.235.143,HTTP,18-01-30 19:22,8081,0.15秒
124.237.130.230,HTTP,18-01-31 06:12,9999,5.702秒
182.112.196.173,HTTPS,18-01-31 06:11,8118,0.132秒
123.185.130.119,HTTP,18-01-31 06:10,8118,4.076秒
220.162.155.105,HTTPS,18-01-31 06:00,44401,0.209秒
219.138.58.231,HTTPS,18-01-31 06:00,3128,3.629秒
110.73.30.34,HTTPS,18-01-31 05:52,8123,6.149秒
42.55.16.63,HTTP,18-01-31 05:50,80,1.183秒
110.73.5.182,HTTP,18-01-31 05:45,8888,0.285秒
122.241.73.100,HTTPS,18-01-31 05:44,808,0.245秒
42.224.220.74,HTTPS,18-01-31 05:42,8118,0.783秒
221.231.109.40,HTTP,18-01-31 05:30,3128,0.126秒
122.241.73.146,HTTPS,18-01-31 05:30,808,3.426秒
113.246.131.164,HTTP,18-01-31 13:54,8118,0.155秒
121.31.194.196,HTTPS,18-01-31 13:53,8123,4.36秒
112.93.70.31,HTTPS,18-01-31 13:52,80,0.237秒
222.95.29.152,HTTPS,18-01-31 13:47,8118,0.125秒
59.59.215.30,HTTPS,18-01-31 13:46,808,0.294秒
122.4.28.92,HTTPS,18-01-31 13:46,20625,1.009秒
49.85.6.142,HTTPS,18-01-31 13:46,30663,0.169秒
117.95.200.59,HTTPS,18-01-31 13:45,43873,3.633秒
27.159.136.139,HTTPS,18-01-31 13:45,32946,3.843秒
175.11.52.50,HTTPS,18-01-31 13:45,8888,3.051秒
221.233.85.98,HTTP,18-01-30 19:22,3128,4.699秒
113.243.221.112,HTTPS,18-01-30 19:11,3128,7.407秒
110.85.89.194,HTTPS,18-01-30 19:11,48406,3.504秒
110.83.172.212,HTTPS,18-01-30 19:11,43826,1.405秒
115.210.76.217,HTTP,18-01-30 19:00,31049,2.037秒
221.233.85.83,HTTPS,18-01-30 19:00,3128,2.097秒
140.224.98.35,HTTPS,18-01-30 19:00,37105,0.278秒
140.250.161.236,HTTP,18-01-30 19:00,35784,2.604秒
115.46.68.149,HTTP,18-01-30 19:00,8123,4.683秒
171.37.163.28,HTTP,18-01-30 18:56,8123,0.275秒
49.68.121.171,HTTP,18-01-30 18:55,808,0.188秒
110.73.32.74,HTTP,18-01-30 18:26,8123,0.295秒
220.162.74.227,HTTPS,18-01-30 18:22,38529,1.108秒
122.241.7.202,HTTPS,18-01-30 18:22,23332,1.227秒
49.70.95.127,HTTPS,18-01-30 18:22,23823,0.182秒
120.42.124.59,HTTPS,18-01-30 18:22,45047,0.353秒
139.208.18.159,HTTP,18-01-31 05:17,8118,4.915秒
110.73.48.81,HTTP,18-01-31 05:15,8123,2.712秒
114.253.243.27,HTTPS,18-01-31 05:05,8118,0.299秒
115.58.131.43,HTTP,18-01-31 04:50,8118,0.101秒
124.126.208.83,HTTPS,18-01-31 04:50,80,1.537秒
49.87.147.42,HTTPS,18-01-31 04:40,808,0.28秒
120.32.71.103,HTTPS,18-01-31 04:39,8118,0.408秒
123.53.86.124,HTTPS,18-01-31 04:22,35680,1.277秒
60.175.197.176,HTTPS,18-01-31 04:01,39588,0.935秒
124.228.239.228,HTTPS,18-01-31 03:46,3128,2.325秒
123.161.156.43,HTTP,18-01-31 03:33,47491,1.266秒
171.38.86.4,HTTP,18-01-31 03:31,8123,3.749秒
113.79.74.171,HTTPS,18-01-31 03:16,808,0.191秒
222.89.80.36,HTTPS,18-01-31 13:45,31701,2.427秒
115.46.96.117,HTTP,18-01-31 13:44,8123,2.709秒
221.3.39.207,HTTPS,18-01-31 13:43,8118,5.196秒
112.81.30.60,HTTPS,18-01-31 13:40,8118,0.166秒
49.87.75.35,HTTPS,18-01-31 13:33,44972,0.501秒
106.46.5.85,HTTPS,18-01-31 13:33,24337,0.143秒
49.89.86.96,HTTPS,18-01-31 13:33,27086,7.137秒
120.40.132.182,HTTPS,18-01-31 13:33,23418,0.74秒
123.55.3.26,HTTPS,18-01-31 13:33,808,0.096秒
219.138.58.145,HTTPS,18-01-31 13:31,3128,1.683秒
115.203.209.46,HTTP,18-01-31 13:30,23023,1.213秒
27.19.170.86,HTTPS,18-01-31 13:30,8118,0.761秒
113.83.241.242,HTTPS,18-01-30 18:16,8118,0.18秒
114.216.128.51,HTTPS,18-01-30 18:14,8118,0.154秒
175.171.170.90,HTTPS,18-01-30 18:01,8118,0.094秒
60.24.151.48,HTTPS,18-01-30 18:00,8118,7.04秒
115.215.49.56,HTTPS,18-01-30 18:00,808,0.237秒
110.72.43.168,HTTPS,18-01-30 18:00,8123,7.521秒
110.73.28.34,HTTPS,18-01-30 17:55,8123,7.088秒
112.114.78.135,HTTPS,18-01-30 17:47,8118,0.93秒
175.166.182.165,HTTPS,18-01-30 17:45,80,1.089秒
123.170.65.244,HTTPS,18-01-31 03:15,808,0.648秒
42.49.119.64,HTTPS,18-01-31 03:13,8118,0.318秒
61.50.244.179,HTTPS,18-01-31 02:44,808,0.1秒
114.228.213.247,HTTPS,18-01-31 02:40,8118,1.473秒
117.92.208.28,HTTPS,18-01-31 02:34,8118,7.317秒
180.104.223.161,HTTPS,18-01-31 02:32,8118,1.162秒
60.174.74.40,HTTP,18-01-31 02:30,8118,1.174秒
123.160.54.91,HTTPS,18-01-31 02:22,34002,0.481秒
180.122.149.17,HTTPS,18-01-31 02:22,44345,0.431秒
27.152.156.136,HTTP,18-01-31 02:20,808,0.276秒
114.225.0.189,HTTPS,18-01-31 02:12,8118,0.306秒
117.86.14.129,HTTPS,18-01-31 13:22,32048,0.145秒
113.88.205.63,HTTPS,18-01-31 13:22,43676,1.474秒
121.234.0.202,HTTPS,18-01-31 13:22,27570,1.041秒
121.31.198.171,HTTP,18-01-31 13:22,8123,0.384秒
121.226.165.0,HTTPS,18-01-31 13:22,24492,1.273秒
60.23.46.24,HTTPS,18-01-31 13:20,80,5.005秒
110.73.2.64,HTTP,18-01-31 13:18,8123,7.834秒
115.46.98.85,HTTP,18-01-31 13:16,8123,6.453秒
110.73.41.184,HTTPS,18-01-31 13:11,8123,6.564秒
113.121.189.167,HTTPS,18-01-31 13:11,49190,0.415秒
119.0.177.80,HTTP,18-01-31 13:10,80,1.605秒
42.235.122.52,HTTPS,18-01-31 12:31,8118,0.227秒
144.255.15.118,HTTP,18-01-31 12:30,36271,0.608秒
58.48.167.200,HTTPS,18-01-31 12:27,8118,0.311秒
180.105.195.30,HTTPS,18-01-31 12:22,47992,1.282秒
182.34.50.224,HTTPS,18-01-31 12:22,26251,1.488秒
117.26.185.140,HTTPS,18-01-31 12:22,31788,2.245秒
113.121.241.0,HTTPS,18-01-31 12:22,808,1.836秒
106.46.7.148,HTTPS,18-01-31 12:22,43992,0.155秒
114.230.205.65,HTTP,18-01-31 12:15,8118,0.169秒
218.94.252.178,HTTPS,18-01-31 12:15,8118,0.135秒
222.189.65.251,HTTPS,18-01-31 12:11,38219,4.388秒
123.149.163.46,HTTPS,18-01-31 12:11,35382,2.968秒
113.121.162.60,HTTPS,18-01-31 12:11,26072,1.065秒
171.211.53.157,HTTPS,18-01-31 12:01,21840,0.712秒
180.118.240.178,HTTPS,18-01-30 17:45,61234,3.543秒
110.73.0.214,HTTP,18-01-30 17:33,8123,1.083秒
114.224.86.45,HTTPS,18-01-30 17:31,20593,0.165秒
110.73.32.119,HTTPS,18-01-30 17:30,8123,5.618秒
114.228.216.136,HTTPS,18-01-30 17:23,8118,0.297秒
123.55.184.104,HTTPS,18-01-30 17:22,808,3.242秒
114.230.127.133,HTTPS,18-01-30 17:22,27544,1.975秒
125.112.196.84,HTTPS,18-01-30 17:22,31550,0.176秒
183.128.71.160,HTTPS,18-01-30 17:22,21326,2.269秒
115.230.78.228,HTTPS,18-01-30 17:22,39435,0.239秒
221.227.231.216,HTTPS,18-01-30 17:22,42346,0.131秒
110.243.22.199,HTTP,18-01-30 17:15,80,1.06秒
119.113.137.138,HTTP,18-01-30 17:14,80,0.093秒
171.38.25.36,HTTP,18-01-31 02:00,8123,7.758秒
123.53.118.46,HTTP,18-01-31 02:00,29520,3.112秒
121.206.70.41,HTTP,18-01-31 02:00,32339,0.419秒
180.175.237.78,HTTPS,18-01-31 01:55,8118,0.255秒
180.124.14.217,HTTPS,18-01-31 01:55,808,0.246秒
221.233.85.152,HTTP,18-01-31 01:50,3128,1.768秒
101.71.192.145,HTTPS,18-01-31 01:36,53281,1.672秒
49.85.7.28,HTTP,18-01-31 01:33,35425,0.197秒
112.114.99.67,HTTPS,18-01-31 01:31,8118,0.338秒
110.73.11.45,HTTP,18-01-31 01:30,8123,3.294秒
180.127.0.122,HTTPS,18-01-31 01:22,25350,0.157秒
110.72.34.103,HTTP,18-01-31 01:22,8123,5.063秒
222.189.65.54,HTTPS,18-01-31 01:01,21828,2.183秒
112.114.92.128,HTTPS,18-01-31 00:55,8118,0.454秒
123.135.94.83,HTTPS,18-01-31 13:00,8118,0.128秒
106.46.71.74,HTTPS,18-01-31 13:00,22680,1.587秒
49.87.147.212,HTTP,18-01-31 13:00,43329,0.751秒
171.11.143.125,HTTPS,18-01-31 13:00,45566,0.235秒
114.234.81.208,HTTPS,18-01-31 13:00,26634,2.985秒
61.178.238.122,HTTP,18-01-31 12:55,63000,0.338秒
125.126.165.240,HTTPS,18-01-31 12:55,31475,2.16秒
219.138.58.86,HTTPS,18-01-31 12:50,3128,0.934秒
222.137.205.100,HTTPS,18-01-31 12:50,8118,4.018秒
106.112.167.150,HTTP,18-01-31 12:50,808,3.415秒
116.52.197.133,HTTP,18-01-31 12:45,8118,1.285秒
183.16.22.105,HTTPS,18-01-31 12:44,8123,3.298秒
106.7.74.26,HTTPS,18-01-31 12:44,8118,0.667秒
182.42.244.3,HTTPS,18-01-31 12:40,808,0.309秒
49.71.16.194,HTTPS,18-01-31 11:46,8118,0.112秒
113.128.27.113,HTTP,18-01-31 11:46,39101,2.761秒
121.31.195.235,HTTPS,18-01-31 11:46,8123,5.839秒
171.38.41.97,HTTP,18-01-31 11:46,8123,3.447秒
121.31.149.92,HTTP,18-01-31 11:43,8123,0.436秒
101.231.152.155,HTTPS,18-01-31 11:25,8080,4.905秒
49.87.147.127,HTTPS,18-01-31 11:22,36531,0.731秒
27.150.117.178,HTTPS,18-01-31 11:11,29853,3.633秒
114.232.81.12,HTTPS,18-01-31 11:11,24727,0.153秒
119.148.160.71,HTTP,18-01-31 11:01,808,0.137秒
222.77.50.59,HTTPS,18-01-31 11:00,47590,0.255秒
117.95.201.191,HTTPS,18-01-31 11:00,37249,0.495秒
171.12.139.240,HTTPS,18-01-31 11:00,37908,0.528秒
49.87.147.100,HTTPS,18-01-31 11:00,31869,0.72秒
180.118.192.190,HTTPS,18-01-30 17:11,21891,0.212秒
115.217.252.197,HTTPS,18-01-30 17:11,45473,0.237秒
117.86.9.79,HTTP,18-01-30 17:00,25666,0.15秒
182.39.8.19,HTTPS,18-01-30 17:00,48788,5.249秒
49.87.147.20,HTTP,18-01-30 17:00,40968,0.609秒
27.158.124.81,HTTPS,18-01-30 16:33,808,0.251秒
219.138.58.173,HTTP,18-01-30 16:30,3128,0.693秒
182.42.44.25,HTTPS,18-01-30 16:30,25355,2.175秒
61.145.49.103,HTTPS,18-01-30 16:22,26120,0.938秒
115.46.77.68,HTTPS,18-01-30 16:21,8123,6.331秒
139.208.42.237,HTTPS,18-01-30 16:17,8118,0.141秒
171.39.30.194,HTTP,18-01-30 16:16,8123,6.197秒
222.136.53.69,HTTPS,18-01-30 16:00,8118,0.293秒
110.73.5.141,HTTP,18-01-30 16:00,8123,5.66秒
180.123.27.175,HTTP,18-01-31 00:45,9999,0.306秒
218.58.144.4,HTTP,18-01-31 00:42,8118,0.246秒
110.250.73.17,HTTP,18-01-31 00:41,8118,0.775秒
110.73.2.118,HTTP,18-01-31 00:33,8123,6.713秒
111.155.116.217,HTTP,18-01-31 00:33,8123,0.356秒
123.162.197.96,HTTPS,18-01-31 00:33,8888,6.321秒
171.38.85.111,HTTP,18-01-31 00:32,8123,7.439秒
110.72.31.190,HTTP,18-01-31 00:31,8123,2.067秒
118.254.153.169,HTTP,18-01-31 00:15,3128,0.389秒
122.225.17.124,HTTPS,18-01-31 00:11,8080,0.208秒
118.120.234.50,HTTPS,18-01-31 00:11,8888,6.427秒
112.115.245.193,HTTP,18-01-31 00:03,8118,0.283秒
42.84.240.89,HTTP,18-01-31 00:02,80,1.093秒
123.116.242.190,HTTPS,18-01-31 12:35,8118,6.874秒
183.151.43.116,HTTPS,18-01-31 12:35,3128,3.303秒
116.2.13.10,HTTP,18-01-31 12:34,8080,0.297秒
120.43.61.224,HTTPS,18-01-31 12:33,30014,0.637秒
218.14.143.161,HTTPS,18-01-31 12:33,45889,2.884秒
183.148.71.172,HTTPS,18-01-31 12:33,42791,0.32秒
110.73.53.16,HTTP,18-01-31 12:33,8123,0.34秒
110.73.42.4,HTTPS,18-01-31 12:33,8123,7.426秒
118.120.185.123,HTTPS,18-01-31 12:32,26177,0.432秒
114.231.243.68,HTTP,18-01-31 12:31,30863,0.143秒
110.73.49.48,HTTPS,18-01-31 12:31,8123,0.488秒
42.59.110.81,HTTP,18-01-31 11:00,38288,1.887秒
121.206.71.119,HTTPS,18-01-31 11:00,48347,0.227秒
27.153.128.37,HTTP,18-01-31 11:00,44840,2.363秒
123.163.163.76,HTTPS,18-01-31 11:00,808,1.452秒
171.12.139.240,HTTP,18-01-31 11:00,37908,0.923秒
115.227.132.73,HTTP,18-01-31 10:56,8118,0.148秒
183.51.123.132,HTTP,18-01-31 10:53,8118,1.859秒
182.42.244.188,HTTPS,18-01-31 10:37,808,0.112秒
180.120.212.60,HTTPS,18-01-31 10:34,8118,0.451秒
223.214.214.205,HTTPS,18-01-31 10:22,47963,2.322秒
114.231.67.46,HTTPS,18-01-31 10:22,49876,0.138秒
49.85.7.154,HTTPS,18-01-31 10:22,42261,0.145秒
121.31.150.63,HTTP,18-01-31 10:22,8123,0.234秒
121.31.101.63,HTTP,18-01-30 16:00,8123,0.698秒
139.226.12.248,HTTPS,18-01-30 15:47,8118,0.12秒
59.173.55.5,HTTP,18-01-30 15:47,8118,0.11秒
182.38.136.230,HTTPS,18-01-30 15:46,8118,0.151秒
180.122.144.74,HTTPS,18-01-30 15:46,39294,0.173秒
123.55.159.143,HTTP,18-01-30 15:33,808,2.763秒
27.153.128.187,HTTP,18-01-30 15:30,39958,2.891秒
121.205.254.151,HTTP,18-01-30 15:30,37264,0.774秒
113.121.167.31,HTTPS,18-01-30 15:22,32259,1.758秒
123.161.153.85,HTTPS,18-01-30 15:22,26139,1.047秒
110.73.52.59,HTTP,18-01-30 15:22,8123,3.63秒
125.121.173.85,HTTPS,18-01-30 15:22,808,3.466秒
122.242.94.67,HTTPS,18-01-30 15:22,36742,1.863秒
222.187.166.5,HTTPS,18-01-30 15:20,808,0.22秒
121.31.147.32,HTTP,18-01-31 00:01,8123,6.232秒
171.39.30.109,HTTPS,18-01-31 00:00,8123,7.199秒
60.177.225.181,HTTPS,18-01-31 00:00,808,0.637秒
183.16.28.13,HTTPS,18-01-30 23:45,8123,3.734秒
110.73.51.9,HTTPS,18-01-30 23:44,8123,5.037秒
117.83.116.76,HTTP,18-01-30 23:30,49618,0.228秒
115.46.82.224,HTTPS,18-01-30 23:22,8123,7.823秒
49.85.9.206,HTTPS,18-01-30 23:22,39557,1.306秒
39.86.32.59,HTTP,18-01-30 23:21,8118,0.142秒
117.27.111.151,HTTPS,18-01-30 23:11,49678,0.271秒
115.46.79.110,HTTPS,18-01-30 23:11,8123,7.343秒
49.89.84.84,HTTPS,18-01-30 23:11,28655,2.385秒
171.13.37.229,HTTP,18-01-31 10:22,808,0.171秒
115.202.255.134,HTTPS,18-01-31 10:22,31390,0.451秒
49.85.8.16,HTTPS,18-01-31 10:22,25601,0.175秒
125.112.174.224,HTTPS,18-01-31 10:22,28606,0.209秒
114.230.126.163,HTTPS,18-01-31 10:22,808,0.769秒
119.137.195.237,HTTPS,18-01-31 10:21,808,0.9秒
123.162.202.171,HTTPS,18-01-31 10:16,24953,0.91秒
114.234.63.81,HTTPS,18-01-31 10:12,8118,0.293秒
110.88.0.95,HTTPS,18-01-31 10:10,8118,0.306秒
110.73.49.187,HTTP,18-01-31 09:55,8123,5.634秒
110.73.29.32,HTTP,18-01-30 15:16,8123,4.19秒
120.37.174.231,HTTPS,18-01-30 15:11,41688,1.47秒
49.85.1.165,HTTP,18-01-30 15:11,48225,0.16秒
115.46.68.103,HTTPS,18-01-30 15:11,8123,6.376秒
110.73.8.184,HTTP,18-01-30 15:11,8123,5.562秒
27.40.149.232,HTTP,18-01-30 15:01,61234,0.243秒
60.167.132.159,HTTPS,18-01-30 15:00,38287,1.496秒
120.15.141.202,HTTPS,18-01-30 14:55,8118,0.966秒
175.166.182.165,HTTP,18-01-30 14:53,80,0.094秒
222.65.235.195,HTTPS,18-01-30 14:52,8118,0.409秒
49.87.180.121,HTTPS,18-01-30 14:45,48791,2.729秒
110.72.38.188,HTTPS,18-01-30 23:01,8123,5.566秒
110.73.7.36,HTTP,18-01-30 22:55,8123,0.413秒
110.72.34.132,HTTPS,18-01-30 22:45,8123,2.599秒
222.139.199.117,HTTPS,18-01-30 22:45,8118,0.113秒
110.73.33.75,HTTP,18-01-30 22:32,8123,6.624秒
106.14.124.240,HTTP,18-01-30 22:31,8118,0.105秒
121.31.196.34,HTTPS,18-01-30 22:31,8123,0.386秒
110.73.50.97,HTTP,18-01-30 22:30,8123,0.448秒
115.46.65.36,HTTP,18-01-30 22:30,8123,4.877秒
110.73.12.239,HTTP,18-01-30 22:11,8123,6.413秒
121.31.176.225,HTTP,18-01-30 22:03,8123,5.976秒
222.71.124.185,HTTPS,18-01-30 22:02,43944,1.248秒
115.209.9.212,HTTP,18-01-30 22:01,36772,2.13秒
123.53.132.76,HTTPS,18-01-30 22:00,808,0.613秒
139.208.199.96,HTTP,18-01-31 09:48,8118,2.136秒
125.40.47.18,HTTPS,18-01-31 09:47,80,0.09秒
182.90.84.102,HTTP,18-01-31 09:45,8123,5.407秒
116.52.85.90,HTTP,18-01-31 09:45,8118,0.298秒
180.155.140.246,HTTP,18-01-31 09:41,40263,1.166秒
125.126.169.149,HTTP,18-01-31 09:30,35990,0.185秒
113.128.28.163,HTTP,18-01-31 09:30,46960,0.509秒
110.73.54.179,HTTPS,18-01-31 09:22,8123,2.502秒
115.46.78.30,HTTPS,18-01-31 09:22,8123,6.778秒
110.72.37.27,HTTP,18-01-31 09:22,8123,5.387秒
115.46.76.182,HTTPS,18-01-31 09:22,8123,0.29秒
118.114.77.47,HTTP,18-01-31 09:22,8080,3.136秒
121.31.146.27,HTTP,18-01-31 09:15,8123,1.755秒
119.23.210.178,HTTPS,18-01-31 09:14,80,4.146秒
120.43.56.62,HTTP,18-01-30 14:45,46315,1.572秒
180.122.150.88,HTTPS,18-01-30 22:00,25725,0.183秒
180.118.240.177,HTTP,18-01-30 21:49,61234,1.989秒
121.31.199.161,HTTP,18-01-30 21:46,8123,4.803秒
60.214.155.243,HTTPS,18-01-30 21:45,53281,4.435秒
117.66.134.231,HTTPS,18-01-30 21:44,8118,0.32秒
110.250.0.13,HTTPS,18-01-30 21:40,8118,0.104秒
115.203.209.44,HTTP,18-01-30 21:30,45195,1.82秒
110.73.50.19,HTTP,18-01-30 21:30,8123,2.255秒
27.156.192.192,HTTPS,18-01-30 21:22,44239,3.247秒
113.121.45.195,HTTPS,18-01-30 21:22,45668,1.01秒
116.2.13.231,HTTPS,18-01-30 21:21,8080,0.42秒
113.128.30.192,HTTPS,18-01-31 09:11,49467,5.503秒
117.86.22.232,HTTPS,18-01-31 09:11,22135,3.093秒
123.55.186.81,HTTPS,18-01-31 09:11,31902,2.054秒
114.235.27.172,HTTPS,18-01-31 09:11,45927,2.426秒
180.112.20.244,HTTPS,18-01-31 09:01,42763,0.218秒
110.73.49.192,HTTPS,18-01-31 09:00,8123,7.299秒
59.52.186.50,HTTPS,18-01-31 08:45,41981,0.179秒
115.46.68.204,HTTP,18-01-31 08:45,8123,5.813秒
121.31.194.212,HTTP,18-01-31 08:44,8123,0.347秒
116.231.57.106,HTTP,18-01-31 08:40,8118,7.445秒
221.4.133.67,HTTPS,18-01-31 08:35,53281,0.237秒
110.73.51.98,HTTP,18-01-31 08:33,8123,7.583秒
115.46.70.43,HTTPS,18-01-31 08:33,8123,7.621秒
182.42.244.96,HTTPS,18-01-31 08:33,808,2.509秒
122.245.58.221,HTTPS,18-01-31 08:30,8118,0.744秒
60.175.197.113,HTTP,18-01-31 08:30,21151,4.192秒
27.150.162.99,HTTP,18-01-31 08:30,34994,1.696秒
139.213.73.36,HTTPS,18-01-31 08:22,80,0.117秒
113.124.95.229,HTTPS,18-01-31 08:22,33193,3.0秒
121.31.176.164,HTTP,18-01-31 08:22,8123,3.377秒
218.73.136.16,HTTPS,18-01-31 08:22,32310,0.186秒
110.73.8.228,HTTP,18-01-31 08:15,8123,0.326秒
175.8.54.100,HTTPS,18-01-31 08:15,80,0.151秒
111.181.112.103,HTTP,18-01-31 07:56,8118,0.648秒
116.52.198.61,HTTPS,18-01-31 07:41,8118,0.575秒
182.34.20.72,HTTPS,18-01-31 07:38,808,0.199秒
221.233.86.115,HTTP,18-01-31 07:34,3128,1.324秒
124.119.92.8,HTTP,18-01-31 07:32,8118,0.507秒
111.155.116.207,HTTP,18-01-31 07:30,8123,0.46秒
27.193.4.54,HTTP,18-01-31 07:26,8118,3.083秒
111.155.116.210,HTTP,18-01-31 07:01,8123,0.81秒
110.73.1.213,HTTP,18-01-31 07:01,8123,0.308秒
180.110.158.127,HTTPS,18-01-31 06:41,8118,1.346秒
180.155.130.247,HTTPS,18-01-31 06:41,23689,0.45秒
110.72.28.246,HTTP,18-01-31 06:31,8123,4.717秒
ip,ip_type,last_check_time,port,speed
61.135.217.7,HTTP,18-01-31 14:41,80,0.324秒
122.114.31.177,HTTP,18-01-31 14:41,808,0.107秒
39.72.54.28,HTTP,18-01-31 14:41,8118,2.119秒
121.228.55.42,HTTP,18-01-31 14:40,808,0.443秒
110.73.54.63,HTTP,18-01-31 14:37,8123,2.571秒
218.20.218.200,HTTPS,18-01-31 14:36,8118,3.199秒
117.22.178.187,HTTPS,18-01-31 14:36,8118,0.605秒
222.42.224.190,HTTPS,18-01-31 14:32,80,0.356秒
114.252.175.88,HTTP,18-01-31 14:31,8118,0.064秒
116.2.13.148,HTTP,18-01-31 14:30,80,0.129秒
113.206.112.157,HTTP,18-01-31 14:30,8118,0.193秒
117.66.132.61,HTTPS,18-01-31 14:30,8118,3.758秒
121.60.76.59,HTTPS,18-01-31 14:27,808,0.146秒
122.236.154.66,HTTP,18-01-31 14:27,8118,1.543秒
36.32.106.61,HTTPS,18-01-31 14:22,8118,2.839秒
121.206.86.86,HTTPS,18-01-31 14:22,32756,1.274秒
1.194.133.194,HTTPS,18-01-31 14:22,37571,0.592秒
49.85.4.140,HTTPS,18-01-31 14:22,20152,0.187秒
36.25.27.86,HTTPS,18-01-31 14:22,45277,1.336秒
115.213.248.197,HTTPS,18-01-31 14:22,26300,0.344秒
123.55.188.64,HTTPS,18-01-31 14:22,25371,0.598秒
218.73.138.149,HTTPS,18-01-31 14:22,39533,0.151秒
219.216.64.26,HTTPS,18-01-31 14:21,8118,0.356秒
183.49.85.43,HTTP,18-01-31 14:21,8118,3.161秒
61.135.155.82,HTTP,18-01-31 14:20,443,3.462秒
113.206.129.132,HTTP,18-01-31 14:18,8118,7.18秒
39.86.42.57,HTTPS,18-01-31 14:11,8118,2.098秒
112.251.212.91,HTTPS,18-01-31 14:11,8118,0.127秒
115.207.96.111,HTTPS,18-01-31 14:11,808,2.105秒
110.85.89.252,HTTPS,18-01-31 14:11,43062,0.183秒
110.73.30.152,HTTPS,18-01-31 14:11,8123,0.362秒
171.37.152.208,HTTPS,18-01-31 14:10,8123,4.233秒
171.37.166.122,HTTP,18-01-31 14:10,8123,0.353秒
182.35.144.113,HTTP,18-01-31 14:08,8118,0.105秒
116.235.122.24,HTTPS,18-01-31 14:06,8118,0.178秒
124.227.84.42,HTTP,18-01-31 14:02,8118,1.039秒
125.65.177.52,HTTPS,18-01-31 14:02,808,0.438秒
123.163.166.51,HTTP,18-01-31 14:01,26246,7.387秒
123.161.155.216,HTTP,18-01-31 14:01,41767,1.236秒
117.33.23.7,HTTPS,18-01-31 14:00,808,3.14秒
115.230.67.128,HTTP,18-01-31 14:00,41835,1.479秒
60.9.26.62,HTTP,18-01-31 13:55,8118,2.02秒
113.246.131.164,HTTP,18-01-31 13:54,8118,0.155秒
121.31.194.196,HTTPS,18-01-31 13:53,8123,4.36秒
112.93.70.31,HTTPS,18-01-31 13:52,80,0.237秒
222.95.29.152,HTTPS,18-01-31 13:47,8118,0.125秒
59.59.215.30,HTTPS,18-01-31 13:46,808,0.294秒
122.4.28.92,HTTPS,18-01-31 13:46,20625,1.009秒
49.85.6.142,HTTPS,18-01-31 13:46,30663,0.169秒
117.95.200.59,HTTPS,18-01-31 13:45,43873,3.633秒
27.159.136.139,HTTPS,18-01-31 13:45,32946,3.843秒
175.11.52.50,HTTPS,18-01-31 13:45,8888,3.051秒
222.89.80.36,HTTPS,18-01-31 13:45,31701,2.427秒
115.46.96.117,HTTP,18-01-31 13:44,8123,2.709秒
221.3.39.207,HTTPS,18-01-31 13:43,8118,5.196秒
112.81.30.60,HTTPS,18-01-31 13:40,8118,0.166秒
49.87.75.35,HTTPS,18-01-31 13:33,44972,0.501秒
106.46.5.85,HTTPS,18-01-31 13:33,24337,0.143秒
49.89.86.96,HTTPS,18-01-31 13:33,27086,7.137秒
120.40.132.182,HTTPS,18-01-31 13:33,23418,0.74秒
123.55.3.26,HTTPS,18-01-31 13:33,808,0.096秒
219.138.58.145,HTTPS,18-01-31 13:31,3128,1.683秒
115.203.209.46,HTTP,18-01-31 13:30,23023,1.213秒
27.19.170.86,HTTPS,18-01-31 13:30,8118,0.761秒
117.86.14.129,HTTPS,18-01-31 13:22,32048,0.145秒
113.88.205.63,HTTPS,18-01-31 13:22,43676,1.474秒
121.234.0.202,HTTPS,18-01-31 13:22,27570,1.041秒
121.31.198.171,HTTP,18-01-31 13:22,8123,0.384秒
121.226.165.0,HTTPS,18-01-31 13:22,24492,1.273秒
60.23.46.24,HTTPS,18-01-31 13:20,80,5.005秒
110.73.2.64,HTTP,18-01-31 13:18,8123,7.834秒
115.46.98.85,HTTP,18-01-31 13:16,8123,6.453秒
110.73.41.184,HTTPS,18-01-31 13:11,8123,6.564秒
113.121.189.167,HTTPS,18-01-31 13:11,49190,0.415秒
119.0.177.80,HTTP,18-01-31 13:10,80,1.605秒
42.235.122.52,HTTPS,18-01-31 12:31,8118,0.227秒
144.255.15.118,HTTP,18-01-31 12:30,36271,0.608秒
58.48.167.200,HTTPS,18-01-31 12:27,8118,0.311秒
180.105.195.30,HTTPS,18-01-31 12:22,47992,1.282秒
182.34.50.224,HTTPS,18-01-31 12:22,26251,1.488秒
117.26.185.140,HTTPS,18-01-31 12:22,31788,2.245秒
113.121.241.0,HTTPS,18-01-31 12:22,808,1.836秒
106.46.7.148,HTTPS,18-01-31 12:22,43992,0.155秒
114.230.205.65,HTTP,18-01-31 12:15,8118,0.169秒
218.94.252.178,HTTPS,18-01-31 12:15,8118,0.135秒
222.189.65.251,HTTPS,18-01-31 12:11,38219,4.388秒
123.149.163.46,HTTPS,18-01-31 12:11,35382,2.968秒
123.135.94.83,HTTPS,18-01-31 13:00,8118,0.128秒
106.46.71.74,HTTPS,18-01-31 13:00,22680,1.587秒
49.87.147.212,HTTP,18-01-31 13:00,43329,0.751秒
171.11.143.125,HTTPS,18-01-31 13:00,45566,0.235秒
114.234.81.208,HTTPS,18-01-31 13:00,26634,2.985秒
61.178.238.122,HTTP,18-01-31 12:55,63000,0.338秒
125.126.165.240,HTTPS,18-01-31 12:55,31475,2.16秒
219.138.58.86,HTTPS,18-01-31 12:50,3128,0.934秒
222.137.205.100,HTTPS,18-01-31 12:50,8118,4.018秒
113.121.162.60,HTTPS,18-01-31 12:11,26072,1.065秒
171.211.53.157,HTTPS,18-01-31 12:01,21840,0.712秒
49.71.16.194,HTTPS,18-01-31 11:46,8118,0.112秒
113.128.27.113,HTTP,18-01-31 11:46,39101,2.761秒
121.31.195.235,HTTPS,18-01-31 11:46,8123,5.839秒
171.38.41.97,HTTP,18-01-31 11:46,8123,3.447秒
121.31.149.92,HTTP,18-01-31 11:43,8123,0.436秒
101.231.152.155,HTTPS,18-01-31 11:25,8080,4.905秒
49.87.147.127,HTTPS,18-01-31 11:22,36531,0.731秒
27.150.117.178,HTTPS,18-01-31 11:11,29853,3.633秒
114.232.81.12,HTTPS,18-01-31 11:11,24727,0.153秒
119.148.160.71,HTTP,18-01-31 11:01,808,0.137秒
106.112.167.150,HTTP,18-01-31 12:50,808,3.415秒
116.52.197.133,HTTP,18-01-31 12:45,8118,1.285秒
183.16.22.105,HTTPS,18-01-31 12:44,8123,3.298秒
106.7.74.26,HTTPS,18-01-31 12:44,8118,0.667秒
182.42.244.3,HTTPS,18-01-31 12:40,808,0.309秒
123.116.242.190,HTTPS,18-01-31 12:35,8118,6.874秒
183.151.43.116,HTTPS,18-01-31 12:35,3128,3.303秒
116.2.13.10,HTTP,18-01-31 12:34,8080,0.297秒
120.43.61.224,HTTPS,18-01-31 12:33,30014,0.637秒
218.14.143.161,HTTPS,18-01-31 12:33,45889,2.884秒
183.148.71.172,HTTPS,18-01-31 12:33,42791,0.32秒
222.77.50.59,HTTPS,18-01-31 11:00,47590,0.255秒
117.95.201.191,HTTPS,18-01-31 11:00,37249,0.495秒
171.12.139.240,HTTPS,18-01-31 11:00,37908,0.528秒
49.87.147.100,HTTPS,18-01-31 11:00,31869,0.72秒
42.59.110.81,HTTP,18-01-31 11:00,38288,1.887秒
121.206.71.119,HTTPS,18-01-31 11:00,48347,0.227秒
27.153.128.37,HTTP,18-01-31 11:00,44840,2.363秒
123.163.163.76,HTTPS,18-01-31 11:00,808,1.452秒
171.12.139.240,HTTP,18-01-31 11:00,37908,0.923秒
115.227.132.73,HTTP,18-01-31 10:56,8118,0.148秒
110.73.53.16,HTTP,18-01-31 12:33,8123,0.34秒
110.73.42.4,HTTPS,18-01-31 12:33,8123,7.426秒
118.120.185.123,HTTPS,18-01-31 12:32,26177,0.432秒
114.231.243.68,HTTP,18-01-31 12:31,30863,0.143秒
110.73.49.48,HTTPS,18-01-31 12:31,8123,0.488秒
183.51.123.132,HTTP,18-01-31 10:53,8118,1.859秒
182.42.244.188,HTTPS,18-01-31 10:37,808,0.112秒
180.120.212.60,HTTPS,18-01-31 10:34,8118,0.451秒
223.214.214.205,HTTPS,18-01-31 10:22,47963,2.322秒
114.231.67.46,HTTPS,18-01-31 10:22,49876,0.138秒
49.85.7.154,HTTPS,18-01-31 10:22,42261,0.145秒
121.31.150.63,HTTP,18-01-31 10:22,8123,0.234秒
171.13.37.229,HTTP,18-01-31 10:22,808,0.171秒
115.202.255.134,HTTPS,18-01-31 10:22,31390,0.451秒
49.85.8.16,HTTPS,18-01-31 10:22,25601,0.175秒
125.112.174.224,HTTPS,18-01-31 10:22,28606,0.209秒
114.230.126.163,HTTPS,18-01-31 10:22,808,0.769秒
119.137.195.237,HTTPS,18-01-31 10:21,808,0.9秒
123.162.202.171,HTTPS,18-01-31 10:16,24953,0.91秒
114.234.63.81,HTTPS,18-01-31 10:12,8118,0.293秒
110.88.0.95,HTTPS,18-01-31 10:10,8118,0.306秒
110.73.49.187,HTTP,18-01-31 09:55,8123,5.634秒
139.208.199.96,HTTP,18-01-31 09:48,8118,2.136秒
125.40.47.18,HTTPS,18-01-31 09:47,80,0.09秒
182.90.84.102,HTTP,18-01-31 09:45,8123,5.407秒
116.52.85.90,HTTP,18-01-31 09:45,8118,0.298秒
180.155.140.246,HTTP,18-01-31 09:41,40263,1.166秒
124.237.130.230,HTTP,18-01-31 06:12,9999,5.702秒
182.112.196.173,HTTPS,18-01-31 06:11,8118,0.132秒
123.185.130.119,HTTP,18-01-31 06:10,8118,4.076秒
220.162.155.105,HTTPS,18-01-31 06:00,44401,0.209秒
219.138.58.231,HTTPS,18-01-31 06:00,3128,3.629秒
110.73.30.34,HTTPS,18-01-31 05:52,8123,6.149秒
42.55.16.63,HTTP,18-01-31 05:50,80,1.183秒
110.73.5.182,HTTP,18-01-31 05:45,8888,0.285秒
122.241.73.100,HTTPS,18-01-31 05:44,808,0.245秒
42.224.220.74,HTTPS,18-01-31 05:42,8118,0.783秒
221.231.109.40,HTTP,18-01-31 05:30,3128,0.126秒
125.126.169.149,HTTP,18-01-31 09:30,35990,0.185秒
113.128.28.163,HTTP,18-01-31 09:30,46960,0.509秒
110.73.54.179,HTTPS,18-01-31 09:22,8123,2.502秒
115.46.78.30,HTTPS,18-01-31 09:22,8123,6.778秒
110.72.37.27,HTTP,18-01-31 09:22,8123,5.387秒
115.46.76.182,HTTPS,18-01-31 09:22,8123,0.29秒
118.114.77.47,HTTP,18-01-31 09:22,8080,3.136秒
121.31.146.27,HTTP,18-01-31 09:15,8123,1.755秒
119.23.210.178,HTTPS,18-01-31 09:14,80,4.146秒
113.128.30.192,HTTPS,18-01-31 09:11,49467,5.503秒
117.86.22.232,HTTPS,18-01-31 09:11,22135,3.093秒
123.55.186.81,HTTPS,18-01-31 09:11,31902,2.054秒
122.241.73.146,HTTPS,18-01-31 05:30,808,3.426秒
139.208.18.159,HTTP,18-01-31 05:17,8118,4.915秒
110.73.48.81,HTTP,18-01-31 05:15,8123,2.712秒
114.253.243.27,HTTPS,18-01-31 05:05,8118,0.299秒
115.58.131.43,HTTP,18-01-31 04:50,8118,0.101秒
124.126.208.83,HTTPS,18-01-31 04:50,80,1.537秒
49.87.147.42,HTTPS,18-01-31 04:40,808,0.28秒
120.32.71.103,HTTPS,18-01-31 04:39,8118,0.408秒
123.53.86.124,HTTPS,18-01-31 04:22,35680,1.277秒
60.175.197.176,HTTPS,18-01-31 04:01,39588,0.935秒
124.228.239.228,HTTPS,18-01-31 03:46,3128,2.325秒
123.161.156.43,HTTP,18-01-31 03:33,47491,1.266秒
171.38.86.4,HTTP,18-01-31 03:31,8123,3.749秒
114.235.27.172,HTTPS,18-01-31 09:11,45927,2.426秒
180.112.20.244,HTTPS,18-01-31 09:01,42763,0.218秒
110.73.49.192,HTTPS,18-01-31 09:00,8123,7.299秒
59.52.186.50,HTTPS,18-01-31 08:45,41981,0.179秒
115.46.68.204,HTTP,18-01-31 08:45,8123,5.813秒
121.31.194.212,HTTP,18-01-31 08:44,8123,0.347秒
116.231.57.106,HTTP,18-01-31 08:40,8118,7.445秒
221.4.133.67,HTTPS,18-01-31 08:35,53281,0.237秒
110.73.51.98,HTTP,18-01-31 08:33,8123,7.583秒
113.79.74.171,HTTPS,18-01-31 03:16,808,0.191秒
123.170.65.244,HTTPS,18-01-31 03:15,808,0.648秒
42.49.119.64,HTTPS,18-01-31 03:13,8118,0.318秒
61.50.244.179,HTTPS,18-01-31 02:44,808,0.1秒
114.228.213.247,HTTPS,18-01-31 02:40,8118,1.473秒
117.92.208.28,HTTPS,18-01-31 02:34,8118,7.317秒
180.104.223.161,HTTPS,18-01-31 02:32,8118,1.162秒
60.174.74.40,HTTP,18-01-31 02:30,8118,1.174秒
123.160.54.91,HTTPS,18-01-31 02:22,34002,0.481秒
180.122.149.17,HTTPS,18-01-31 02:22,44345,0.431秒
27.152.156.136,HTTP,18-01-31 02:20,808,0.276秒
115.46.70.43,HTTPS,18-01-31 08:33,8123,7.621秒
182.42.244.96,HTTPS,18-01-31 08:33,808,2.509秒
122.245.58.221,HTTPS,18-01-31 08:30,8118,0.744秒
60.175.197.113,HTTP,18-01-31 08:30,21151,4.192秒
27.150.162.99,HTTP,18-01-31 08:30,34994,1.696秒
139.213.73.36,HTTPS,18-01-31 08:22,80,0.117秒
113.124.95.229,HTTPS,18-01-31 08:22,33193,3.0秒
121.31.176.164,HTTP,18-01-31 08:22,8123,3.377秒
218.73.136.16,HTTPS,18-01-31 08:22,32310,0.186秒
110.73.8.228,HTTP,18-01-31 08:15,8123,0.326秒
175.8.54.100,HTTPS,18-01-31 08:15,80,0.151秒
114.225.0.189,HTTPS,18-01-31 02:12,8118,0.306秒
171.38.25.36,HTTP,18-01-31 02:00,8123,7.758秒
123.53.118.46,HTTP,18-01-31 02:00,29520,3.112秒
121.206.70.41,HTTP,18-01-31 02:00,32339,0.419秒
180.175.237.78,HTTPS,18-01-31 01:55,8118,0.255秒
180.124.14.217,HTTPS,18-01-31 01:55,808,0.246秒
221.233.85.152,HTTP,18-01-31 01:50,3128,1.768秒
101.71.192.145,HTTPS,18-01-31 01:36,53281,1.672秒
49.85.7.28,HTTP,18-01-31 01:33,35425,0.197秒
112.114.99.67,HTTPS,18-01-31 01:31,8118,0.338秒
111.181.112.103,HTTP,18-01-31 07:56,8118,0.648秒
116.52.198.61,HTTPS,18-01-31 07:41,8118,0.575秒
182.34.20.72,HTTPS,18-01-31 07:38,808,0.199秒
221.233.86.115,HTTP,18-01-31 07:34,3128,1.324秒
124.119.92.8,HTTP,18-01-31 07:32,8118,0.507秒
111.155.116.207,HTTP,18-01-31 07:30,8123,0.46秒
27.193.4.54,HTTP,18-01-31 07:26,8118,3.083秒
111.155.116.210,HTTP,18-01-31 07:01,8123,0.81秒
110.73.1.213,HTTP,18-01-31 07:01,8123,0.308秒
180.110.158.127,HTTPS,18-01-31 06:41,8118,1.346秒
110.73.11.45,HTTP,18-01-31 01:30,8123,3.294秒
180.127.0.122,HTTPS,18-01-31 01:22,25350,0.157秒
110.72.34.103,HTTP,18-01-31 01:22,8123,5.063秒
222.189.65.54,HTTPS,18-01-31 01:01,21828,2.183秒
112.114.92.128,HTTPS,18-01-31 00:55,8118,0.454秒
180.123.27.175,HTTP,18-01-31 00:45,9999,0.306秒
218.58.144.4,HTTP,18-01-31 00:42,8118,0.246秒
110.250.73.17,HTTP,18-01-31 00:41,8118,0.775秒
110.73.2.118,HTTP,18-01-31 00:33,8123,6.713秒
111.155.116.217,HTTP,18-01-31 00:33,8123,0.356秒
123.162.197.96,HTTPS,18-01-31 00:33,8888,6.321秒
139.201.113.211,HTTP,18-01-30 21:16,808,2.551秒
110.73.46.170,HTTP,18-01-30 21:15,8123,5.448秒
27.218.72.50,HTTPS,18-01-30 21:02,8118,0.195秒
121.31.70.203,HTTP,18-01-30 21:01,8123,3.4秒
110.73.12.183,HTTP,18-01-30 21:00,8123,3.364秒
121.35.97.131,HTTP,18-01-30 20:55,8118,0.192秒
123.138.74.181,HTTPS,18-01-30 20:50,808,0.111秒
122.7.198.241,HTTPS,18-01-30 20:40,8080,0.136秒
182.88.184.63,HTTP,18-01-30 20:34,8123,2.661秒
111.155.116.249,HTTP,18-01-30 20:31,8123,0.945秒
111.155.124.84,HTTP,18-01-30 20:28,8123,0.356秒
180.155.130.247,HTTPS,18-01-31 06:41,23689,0.45秒
110.72.28.246,HTTP,18-01-31 06:31,8123,4.717秒
171.38.85.111,HTTP,18-01-31 00:32,8123,7.439秒
110.72.31.190,HTTP,18-01-31 00:31,8123,2.067秒
118.254.153.169,HTTP,18-01-31 00:15,3128,0.389秒
122.225.17.124,HTTPS,18-01-31 00:11,8080,0.208秒
118.120.234.50,HTTPS,18-01-31 00:11,8888,6.427秒
112.115.245.193,HTTP,18-01-31 00:03,8118,0.283秒
42.84.240.89,HTTP,18-01-31 00:02,80,1.093秒
121.31.147.32,HTTP,18-01-31 00:01,8123,6.232秒
171.39.30.109,HTTPS,18-01-31 00:00,8123,7.199秒
60.177.225.181,HTTPS,18-01-31 00:00,808,0.637秒
183.16.28.13,HTTPS,18-01-30 23:45,8123,3.734秒
110.73.51.9,HTTPS,18-01-30 23:44,8123,5.037秒
60.214.118.170,HTTP,18-01-30 20:28,63000,0.218秒
110.185.32.241,HTTPS,18-01-30 20:16,1080,0.264秒
113.128.25.138,HTTPS,18-01-30 20:11,45338,2.088秒
180.114.173.127,HTTPS,18-01-30 20:00,35771,1.18秒
182.88.89.118,HTTPS,18-01-30 20:00,8123,6.737秒
112.114.77.103,HTTP,18-01-30 19:45,8118,4.262秒
171.37.171.95,HTTP,18-01-30 19:45,8123,4.094秒
123.146.1.132,HTTPS,18-01-30 19:44,8118,4.258秒
49.5.8.132,HTTPS,18-01-30 19:33,8888,3.22秒
125.112.203.154,HTTPS,18-01-30 19:22,37933,2.659秒
58.49.235.143,HTTP,18-01-30 19:22,8081,0.15秒
221.233.85.98,HTTP,18-01-30 19:22,3128,4.699秒
113.243.221.112,HTTPS,18-01-30 19:11,3128,7.407秒
110.85.89.194,HTTPS,18-01-30 19:11,48406,3.504秒
110.83.172.212,HTTPS,18-01-30 19:11,43826,1.405秒
117.83.116.76,HTTP,18-01-30 23:30,49618,0.228秒
115.46.82.224,HTTPS,18-01-30 23:22,8123,7.823秒
49.85.9.206,HTTPS,18-01-30 23:22,39557,1.306秒
39.86.32.59,HTTP,18-01-30 23:21,8118,0.142秒
117.27.111.151,HTTPS,18-01-30 23:11,49678,0.271秒
115.46.79.110,HTTPS,18-01-30 23:11,8123,7.343秒
49.89.84.84,HTTPS,18-01-30 23:11,28655,2.385秒
110.72.38.188,HTTPS,18-01-30 23:01,8123,5.566秒
110.73.7.36,HTTP,18-01-30 22:55,8123,0.413秒
110.72.34.132,HTTPS,18-01-30 22:45,8123,2.599秒
222.139.199.117,HTTPS,18-01-30 22:45,8118,0.113秒
110.73.33.75,HTTP,18-01-30 22:32,8123,6.624秒
106.14.124.240,HTTP,18-01-30 22:31,8118,0.105秒
115.210.76.217,HTTP,18-01-30 19:00,31049,2.037秒
221.233.85.83,HTTPS,18-01-30 19:00,3128,2.097秒
140.224.98.35,HTTPS,18-01-30 19:00,37105,0.278秒
140.250.161.236,HTTP,18-01-30 19:00,35784,2.604秒
115.46.68.149,HTTP,18-01-30 19:00,8123,4.683秒
171.37.163.28,HTTP,18-01-30 18:56,8123,0.275秒
49.68.121.171,HTTP,18-01-30 18:55,808,0.188秒
110.73.32.74,HTTP,18-01-30 18:26,8123,0.295秒
220.162.74.227,HTTPS,18-01-30 18:22,38529,1.108秒
122.241.7.202,HTTPS,18-01-30 18:22,23332,1.227秒
49.70.95.127,HTTPS,18-01-30 18:22,23823,0.182秒
120.42.124.59,HTTPS,18-01-30 18:22,45047,0.353秒
113.83.241.242,HTTPS,18-01-30 18:16,8118,0.18秒
114.216.128.51,HTTPS,18-01-30 18:14,8118,0.154秒
175.171.170.90,HTTPS,18-01-30 18:01,8118,0.094秒
121.31.196.34,HTTPS,18-01-30 22:31,8123,0.386秒
110.73.50.97,HTTP,18-01-30 22:30,8123,0.448秒
115.46.65.36,HTTP,18-01-30 22:30,8123,4.877秒
110.73.12.239,HTTP,18-01-30 22:11,8123,6.413秒
121.31.176.225,HTTP,18-01-30 22:03,8123,5.976秒
222.71.124.185,HTTPS,18-01-30 22:02,43944,1.248秒
115.209.9.212,HTTP,18-01-30 22:01,36772,2.13秒
123.53.132.76,HTTPS,18-01-30 22:00,808,0.613秒
180.122.150.88,HTTPS,18-01-30 22:00,25725,0.183秒
180.118.240.177,HTTP,18-01-30 21:49,61234,1.989秒
121.31.199.161,HTTP,18-01-30 21:46,8123,4.803秒
60.214.155.243,HTTPS,18-01-30 21:45,53281,4.435秒
117.66.134.231,HTTPS,18-01-30 21:44,8118,0.32秒
110.250.0.13,HTTPS,18-01-30 21:40,8118,0.104秒
60.24.151.48,HTTPS,18-01-30 18:00,8118,7.04秒
115.215.49.56,HTTPS,18-01-30 18:00,808,0.237秒
110.72.43.168,HTTPS,18-01-30 18:00,8123,7.521秒
110.73.28.34,HTTPS,18-01-30 17:55,8123,7.088秒
112.114.78.135,HTTPS,18-01-30 17:47,8118,0.93秒
175.166.182.165,HTTPS,18-01-30 17:45,80,1.089秒
180.118.240.178,HTTPS,18-01-30 17:45,61234,3.543秒
110.73.0.214,HTTP,18-01-30 17:33,8123,1.083秒
114.224.86.45,HTTPS,18-01-30 17:31,20593,0.165秒
110.73.32.119,HTTPS,18-01-30 17:30,8123,5.618秒
114.228.216.136,HTTPS,18-01-30 17:23,8118,0.297秒
123.55.184.104,HTTPS,18-01-30 17:22,808,3.242秒
114.230.127.133,HTTPS,18-01-30 17:22,27544,1.975秒
125.112.196.84,HTTPS,18-01-30 17:22,31550,0.176秒
115.203.209.44,HTTP,18-01-30 21:30,45195,1.82秒
110.73.50.19,HTTP,18-01-30 21:30,8123,2.255秒
27.156.192.192,HTTPS,18-01-30 21:22,44239,3.247秒
113.121.45.195,HTTPS,18-01-30 21:22,45668,1.01秒
116.2.13.231,HTTPS,18-01-30 21:21,8080,0.42秒
183.128.71.160,HTTPS,18-01-30 17:22,21326,2.269秒
115.230.78.228,HTTPS,18-01-30 17:22,39435,0.239秒
221.227.231.216,HTTPS,18-01-30 17:22,42346,0.131秒
110.243.22.199,HTTP,18-01-30 17:15,80,1.06秒
119.113.137.138,HTTP,18-01-30 17:14,80,0.093秒
180.118.192.190,HTTPS,18-01-30 17:11,21891,0.212秒
115.217.252.197,HTTPS,18-01-30 17:11,45473,0.237秒
117.86.9.79,HTTP,18-01-30 17:00,25666,0.15秒
182.39.8.19,HTTPS,18-01-30 17:00,48788,5.249秒
49.87.147.20,HTTP,18-01-30 17:00,40968,0.609秒
27.158.124.81,HTTPS,18-01-30 16:33,808,0.251秒
219.138.58.173,HTTP,18-01-30 16:30,3128,0.693秒
182.42.44.25,HTTPS,18-01-30 16:30,25355,2.175秒
61.145.49.103,HTTPS,18-01-30 16:22,26120,0.938秒
115.46.77.68,HTTPS,18-01-30 16:21,8123,6.331秒
139.208.42.237,HTTPS,18-01-30 16:17,8118,0.141秒
171.39.30.194,HTTP,18-01-30 16:16,8123,6.197秒
222.136.53.69,HTTPS,18-01-30 16:00,8118,0.293秒
110.73.5.141,HTTP,18-01-30 16:00,8123,5.66秒
121.31.101.63,HTTP,18-01-30 16:00,8123,0.698秒
139.226.12.248,HTTPS,18-01-30 15:47,8118,0.12秒
59.173.55.5,HTTP,18-01-30 15:47,8118,0.11秒
182.38.136.230,HTTPS,18-01-30 15:46,8118,0.151秒
180.122.144.74,HTTPS,18-01-30 15:46,39294,0.173秒
123.55.159.143,HTTP,18-01-30 15:33,808,2.763秒
27.153.128.187,HTTP,18-01-30 15:30,39958,2.891秒
121.205.254.151,HTTP,18-01-30 15:30,37264,0.774秒
113.121.167.31,HTTPS,18-01-30 15:22,32259,1.758秒
123.161.153.85,HTTPS,18-01-30 15:22,26139,1.047秒
110.73.52.59,HTTP,18-01-30 15:22,8123,3.63秒
125.121.173.85,HTTPS,18-01-30 15:22,808,3.466秒
122.242.94.67,HTTPS,18-01-30 15:22,36742,1.863秒
222.187.166.5,HTTPS,18-01-30 15:20,808,0.22秒
110.73.29.32,HTTP,18-01-30 15:16,8123,4.19秒
120.37.174.231,HTTPS,18-01-30 15:11,41688,1.47秒
49.85.1.165,HTTP,18-01-30 15:11,48225,0.16秒
115.46.68.103,HTTPS,18-01-30 15:11,8123,6.376秒
110.73.8.184,HTTP,18-01-30 15:11,8123,5.562秒
27.40.149.232,HTTP,18-01-30 15:01,61234,0.243秒
60.167.132.159,HTTPS,18-01-30 15:00,38287,1.496秒
120.15.141.202,HTTPS,18-01-30 14:55,8118,0.966秒
175.166.182.165,HTTP,18-01-30 14:53,80,0.094秒
222.65.235.195,HTTPS,18-01-30 14:52,8118,0.409秒
49.87.180.121,HTTPS,18-01-30 14:45,48791,2.729秒
120.43.56.62,HTTP,18-01-30 14:45,46315,1.572秒
